monthly gross income,net income,social security payments,income tax
0.00,0.00,0.00,0.00
100.00,79.00,21.00,0.00
200.00,158.00,42.00,0.00
300.00,237.00,63.00,0.00
400.00,316.00,84.00,0.00
500.00,395.00,105.00,0.00
600.00,474.00,126.00,0.00
700.00,553.00,147.00,0.00
800.00,632.00,168.00,0.00
900.00,711.00,189.00,0.00
1000.00,790.00,210.00,0.00
1100.00,869.00,231.00,0.00
1200.00,948.00,252.00,0.00
1300.00,1025.84,273.00,1.16
1400.00,1091.34,294.00,14.66
1500.00,1154.67,315.00,30.33
1600.00,1216.67,336.00,47.33
1700.00,1278.42,357.00,64.58
1800.00,1338.59,378.00,83.41
1900.00,1398.09,399.00,102.91
2000.00,1457.25,420.00,122.75
2100.00,1516.17,441.00,142.83
2200.00,1574.75,462.00,163.25
2300.00,1633.09,483.00,183.91
2400.00,1691.00,504.00,205.00
2500.00,1748.67,525.00,226.33
2600.00,1806.09,546.00,247.91
2700.00,1863.17,567.00,269.83
2800.00,1920.00,588.00,292.00
2900.00,1976.42,609.00,314.58
3000.00,2032.59,630.00,337.41
3100.00,2088.50,651.00,360.50
3200.00,2144.09,672.00,383.91
3300.00,2199.34,693.00,407.66
3400.00,2254.34,714.00,431.66
3500.00,2309.00,735.00,456.00
3600.00,2363.42,756.00,480.58
3700.00,2417.50,777.00,505.50
3800.00,2471.25,798.00,530.75
3900.00,2524.75,819.00,556.25
4000.00,2577.92,840.00,582.08
4100.00,2630.84,861.00,608.16
4200.00,2683.42,882.00,634.58
4300.00,2735.67,903.00,661.33
4400.00,2787.67,924.00,688.33
4500.00,2839.34,945.00,715.66
4600.00,2890.67,966.00,743.33
4700.00,2941.75,987.00,771.25
4800.00,2992.59,1008.00,799.41
4900.00,3043.09,1029.00,827.91
5000.00,3094.05,1048.70,857.25
5100.00,3150.70,1059.30,890.00
5200.00,3206.85,1069.90,923.25
5300.00,3262.75,1080.50,956.75
5400.00,3318.15,1091.10,990.75
5500.00,3373.22,1101.70,1025.08
5600.00,3427.95,1112.30,1059.75
5700.00,3482.27,1122.90,1094.83
5800.00,3536.25,1133.50,1130.25
5900.00,3589.82,1144.10,1166.08
6000.00,3642.97,1154.70,1202.33
6100.00,3695.79,1165.30,1238.91
6200.00,3748.19,1175.90,1275.91
6300.00,3800.17,1186.50,1313.33
6400.00,3851.90,1197.10,1351.00
6500.00,3903.22,1207.70,1389.08
6600.00,3954.54,1218.30,1427.16
6700.00,4005.46,1228.90,1465.64
6800.00,4052.16,1239.50,1508.34
6900.00,4099.03,1250.10,1550.87
7000.00,4145.72,1260.70,1593.58
7100.00,4192.51,1271.30,1636.19
7200.00,4249.89,1271.30,1678.81
7300.00,4307.28,1271.30,1721.42
7400.00,4360.28,1271.30,1768.42
7500.00,4413.28,1271.30,1815.42
7600.00,4466.28,1271.30,1862.42
7700.00,4519.28,1271.30,1909.42
7800.00,4572.29,1271.30,1956.41
7900.00,4625.29,1271.30,2003.41
8000.00,4678.29,1271.30,2050.41
8100.00,4731.29,1271.30,2097.41
8200.00,4784.29,1271.30,2144.41
8300.00,4837.30,1271.30,2191.40
8400.00,4890.30,1271.30,2238.40
8500.00,4943.30,1271.30,2285.40
8600.00,4996.30,1271.30,2332.40
8700.00,5049.30,1271.30,2379.40
8800.00,5102.31,1271.30,2426.39
8900.00,5155.31,1271.30,2473.39
9000.00,5208.31,1271.30,2520.39
9100.00,5261.31,1271.30,2567.39
9200.00,5314.31,1271.30,2614.39
9300.00,5367.32,1271.30,2661.38
9400.00,5420.32,1271.30,2708.38
9500.00,5473.32,1271.30,2755.38
9600.00,5526.32,1271.30,2802.38
9700.00,5579.32,1271.30,2849.38
9800.00,5633.96,1271.30,2894.74
9900.00,5689.65,1271.30,2939.05
10000.00,5745.34,1271.30,2983.36
10100.00,5801.03,1271.30,3027.67
10200.00,5856.72,1271.30,3071.98
10300.00,5912.41,1271.30,3116.29
10400.00,5968.10,1271.30,3160.60
10500.00,6023.79,1271.30,3204.91
10600.00,6079.48,1271.30,3249.22
10700.00,6135.17,1271.30,3293.53
10800.00,6190.86,1271.30,3337.84
10900.00,6246.55,1271.30,3382.15
11000.00,6302.24,1271.30,3426.46
11100.00,6357.93,1271.30,3470.77
11200.00,6413.62,1271.30,3515.08
11300.00,6469.31,1271.30,3559.39
11400.00,6525.00,1271.30,3603.70
11500.00,6580.69,1271.30,3648.01
11600.00,6636.38,1271.30,3692.32
11700.00,6692.07,1271.30,3736.63
11800.00,6747.76,1271.30,3780.94
11900.00,6803.45,1271.30,3825.25
12000.00,6859.14,1271.30,3869.56
12100.00,6914.83,1271.30,3913.87
12200.00,6970.52,1271.30,3958.18
12300.00,7026.21,1271.30,4002.49
12400.00,7081.90,1271.30,4046.80
12500.00,7137.59,1271.30,4091.11
12600.00,7193.28,1271.30,4135.42
12700.00,7248.97,1271.30,4179.73
12800.00,7304.66,1271.30,4224.04
12900.00,7360.35,1271.30,4268.35
13000.00,7416.04,1271.30,4312.66
13100.00,7471.73,1271.30,4356.97
13200.00,7527.42,1271.30,4401.28
13300.00,7583.11,1271.30,4445.59
13400.00,7638.80,1271.30,4489.90
13500.00,7694.49,1271.30,4534.21
13600.00,7750.18,1271.30,4578.52
13700.00,7805.87,1271.30,4622.83
13800.00,7861.56,1271.30,4667.14
13900.00,7917.25,1271.30,4711.45
14000.00,7972.94,1271.30,4755.76
14100.00,8028.63,1271.30,4800.07
14200.00,8084.32,1271.30,4844.38
14300.00,8140.01,1271.30,4888.69
14400.00,8195.70,1271.30,4933.00
14500.00,8251.39,1271.30,4977.31
14600.00,8307.08,1271.30,5021.62
14700.00,8362.77,1271.30,5065.93
14800.00,8418.46,1271.30,5110.24
14900.00,8474.15,1271.30,5154.55
15000.00,8529.84,1271.30,5198.86
15100.00,8585.53,1271.30,5243.17
15200.00,8641.22,1271.30,5287.48
15300.00,8696.91,1271.30,5331.79
15400.00,8752.60,1271.30,5376.10
15500.00,8808.29,1271.30,5420.41
15600.00,8863.98,1271.30,5464.72
15700.00,8919.67,1271.30,5509.03
15800.00,8975.36,1271.30,5553.34
15900.00,9031.05,1271.30,5597.65
16000.00,9086.74,1271.30,5641.96
16100.00,9142.43,1271.30,5686.27
16200.00,9198.12,1271.30,5730.58
16300.00,9253.81,1271.30,5774.89
16400.00,9309.50,1271.30,5819.20
16500.00,9365.19,1271.30,5863.51
16600.00,9420.88,1271.30,5907.82
16700.00,9476.57,1271.30,5952.13
16800.00,9532.26,1271.30,5996.44
16900.00,9587.95,1271.30,6040.75
17000.00,9643.64,1271.30,6085.06
17100.00,9699.33,1271.30,6129.37
17200.00,9755.02,1271.30,6173.68
17300.00,9810.71,1271.30,6217.99
17400.00,9866.40,1271.30,6262.30
17500.00,9922.09,1271.30,6306.61
17600.00,9977.78,1271.30,6350.92
17700.00,10033.47,1271.30,6395.23
17800.00,10089.16,1271.30,6439.54
17900.00,10144.85,1271.30,6483.85
18000.00,10200.54,1271.30,6528.16
18100.00,10256.23,1271.30,6572.47
18200.00,10311.92,1271.30,6616.78
18300.00,10367.61,1271.30,6661.09
18400.00,10423.30,1271.30,6705.40
18500.00,10478.99,1271.30,6749.71
18600.00,10534.68,1271.30,6794.02
18700.00,10590.37,1271.30,6838.33
18800.00,10646.06,1271.30,6882.64
18900.00,10701.75,1271.30,6926.95
19000.00,10757.44,1271.30,6971.26
19100.00,10813.13,1271.30,7015.57
19200.00,10868.82,1271.30,7059.88
19300.00,10924.51,1271.30,7104.19
19400.00,10980.20,1271.30,7148.50
19500.00,11035.89,1271.30,7192.81
19600.00,11091.58,1271.30,7237.12
19700.00,11147.27,1271.30,7281.43
19800.00,11202.96,1271.30,7325.74
19900.00,11258.65,1271.30,7370.05
20000.00,11314.34,1271.30,7414.36
20100.00,11370.03,1271.30,7458.67
20200.00,11425.72,1271.30,7502.98
20300.00,11481.41,1271.30,7547.29
20400.00,11537.10,1271.30,7591.60
20500.00,11592.79,1271.30,7635.91
20600.00,11648.48,1271.30,7680.22
20700.00,11704.17,1271.30,7724.53
20800.00,11759.86,1271.30,7768.84
20900.00,11815.55,1271.30,7813.15
21000.00,11871.24,1271.30,7857.46
21100.00,11926.93,1271.30,7901.77
21200.00,11982.62,1271.30,7946.08
21300.00,12038.31,1271.30,7990.39
21400.00,12094.00,1271.30,8034.70
21500.00,12149.69,1271.30,8079.01
21600.00,12205.38,1271.30,8123.32
21700.00,12261.07,1271.30,8167.63
21800.00,12316.76,1271.30,8211.94
21900.00,12372.45,1271.30,8256.25
22000.00,12428.14,1271.30,8300.56
22100.00,12483.83,1271.30,8344.87
22200.00,12539.52,1271.30,8389.18
22300.00,12595.21,1271.30,8433.49
22400.00,12650.90,1271.30,8477.80
22500.00,12706.59,1271.30,8522.11
22600.00,12762.28,1271.30,8566.42
22700.00,12817.97,1271.30,8610.73
22800.00,12873.66,1271.30,8655.04
22900.00,12929.35,1271.30,8699.35
23000.00,12985.04,1271.30,8743.66
23100.00,13040.73,1271.30,8787.97
23200.00,13096.42,1271.30,8832.28
23300.00,13152.11,1271.30,8876.59
23400.00,13207.80,1271.30,8920.90
23500.00,13263.49,1271.30,8965.21
23600.00,13319.18,1271.30,9009.52
23700.00,13374.87,1271.30,9053.83
23800.00,13430.56,1271.30,9098.14
23900.00,13486.25,1271.30,9142.45
24000.00,13541.94,1271.30,9186.76
24100.00,13597.63,1271.30,9231.07
24200.00,13653.32,1271.30,9275.38
24300.00,13709.01,1271.30,9319.69
24400.00,13764.70,1271.30,9364.00
24500.00,13818.46,1271.30,9410.24
24600.00,13870.99,1271.30,9457.71
24700.00,13923.51,1271.30,9505.19
24800.00,13976.04,1271.30,9552.66
24900.00,14028.56,1271.30,9600.14
25000.00,14081.09,1271.30,9647.61
25100.00,14133.61,1271.30,9695.09
25200.00,14186.14,1271.30,9742.56
25300.00,14238.66,1271.30,9790.04
25400.00,14291.19,1271.30,9837.51
25500.00,14343.71,1271.30,9884.99
25600.00,14396.24,1271.30,9932.46
25700.00,14448.76,1271.30,9979.94
25800.00,14501.29,1271.30,10027.41
25900.00,14553.81,1271.30,10074.89
26000.00,14606.34,1271.30,10122.36
26100.00,14658.86,1271.30,10169.84
26200.00,14711.39,1271.30,10217.31
26300.00,14763.91,1271.30,10264.79
26400.00,14816.44,1271.30,10312.26
26500.00,14868.96,1271.30,10359.74
26600.00,14921.49,1271.30,10407.21
26700.00,14974.01,1271.30,10454.69
26800.00,15026.54,1271.30,10502.16
26900.00,15079.06,1271.30,10549.64
27000.00,15131.59,1271.30,10597.11
27100.00,15184.11,1271.30,10644.59
27200.00,15236.64,1271.30,10692.06
27300.00,15289.16,1271.30,10739.54
27400.00,15341.69,1271.30,10787.01
27500.00,15394.21,1271.30,10834.49
27600.00,15446.74,1271.30,10881.96
27700.00,15499.26,1271.30,10929.44
27800.00,15551.79,1271.30,10976.91
27900.00,15604.31,1271.30,11024.39
28000.00,15656.84,1271.30,11071.86
28100.00,15709.36,1271.30,11119.34
28200.00,15761.89,1271.30,11166.81
28300.00,15814.41,1271.30,11214.29
28400.00,15866.94,1271.30,11261.76
28500.00,15919.46,1271.30,11309.24
28600.00,15971.99,1271.30,11356.71
28700.00,16024.51,1271.30,11404.19
28800.00,16077.04,1271.30,11451.66
28900.00,16129.56,1271.30,11499.14
29000.00,16182.09,1271.30,11546.61
29100.00,16234.61,1271.30,11594.09
29200.00,16287.14,1271.30,11641.56
29300.00,16339.66,1271.30,11689.04
29400.00,16392.19,1271.30,11736.51
29500.00,16444.71,1271.30,11783.99
29600.00,16497.24,1271.30,11831.46
29700.00,16549.76,1271.30,11878.94
29800.00,16602.29,1271.30,11926.41
29900.00,16654.81,1271.30,11973.89
30000.00,16707.34,1271.30,12021.36
30100.00,16759.86,1271.30,12068.84
30200.00,16812.39,1271.30,12116.31
30300.00,16864.91,1271.30,12163.79
30400.00,16917.44,1271.30,12211.26
30500.00,16969.96,1271.30,12258.74
30600.00,17022.49,1271.30,12306.21
30700.00,17075.01,1271.30,12353.69
30800.00,17127.54,1271.30,12401.16
30900.00,17180.06,1271.30,12448.64
31000.00,17232.59,1271.30,12496.11
31100.00,17285.11,1271.30,12543.59
31200.00,17337.64,1271.30,12591.06
31300.00,17390.16,1271.30,12638.54
31400.00,17442.69,1271.30,12686.01
31500.00,17495.21,1271.30,12733.49
31600.00,17547.74,1271.30,12780.96
31700.00,17600.26,1271.30,12828.44
31800.00,17652.79,1271.30,12875.91
31900.00,17705.31,1271.30,12923.39
32000.00,17757.84,1271.30,12970.86
32100.00,17810.36,1271.30,13018.34
32200.00,17862.89,1271.30,13065.81
32300.00,17915.41,1271.30,13113.29
32400.00,17967.94,1271.30,13160.76
32500.00,18020.46,1271.30,13208.24
32600.00,18072.99,1271.30,13255.71
32700.00,18125.51,1271.30,13303.19
32800.00,18178.04,1271.30,13350.66
32900.00,18230.56,1271.30,13398.14
33000.00,18283.09,1271.30,13445.61
33100.00,18335.61,1271.30,13493.09
33200.00,18388.14,1271.30,13540.56
33300.00,18440.66,1271.30,13588.04
33400.00,18493.19,1271.30,13635.51
33500.00,18545.71,1271.30,13682.99
33600.00,18598.24,1271.30,13730.46
33700.00,18650.76,1271.30,13777.94
33800.00,18703.29,1271.30,13825.41
33900.00,18755.81,1271.30,13872.89
34000.00,18808.34,1271.30,13920.36
34100.00,18860.86,1271.30,13967.84
34200.00,18913.39,1271.30,14015.31
34300.00,18965.91,1271.30,14062.79
34400.00,19018.44,1271.30,14110.26
34500.00,19070.96,1271.30,14157.74
34600.00,19123.49,1271.30,14205.21
34700.00,19176.01,1271.30,14252.69
34800.00,19228.54,1271.30,14300.16
34900.00,19281.06,1271.30,14347.64
35000.00,19333.59,1271.30,14395.11
35100.00,19386.11,1271.30,14442.59
35200.00,19438.64,1271.30,14490.06
35300.00,19491.16,1271.30,14537.54
35400.00,19543.69,1271.30,14585.01
35500.00,19596.21,1271.30,14632.49
35600.00,19648.74,1271.30,14679.96
35700.00,19701.26,1271.30,14727.44
35800.00,19753.79,1271.30,14774.91
35900.00,19806.31,1271.30,14822.39
36000.00,19858.84,1271.30,14869.86
36100.00,19911.36,1271.30,14917.34
36200.00,19963.89,1271.30,14964.81
36300.00,20016.41,1271.30,15012.29
36400.00,20068.94,1271.30,15059.76
36500.00,20121.46,1271.30,15107.24
36600.00,20173.99,1271.30,15154.71
36700.00,20226.51,1271.30,15202.19
36800.00,20279.04,1271.30,15249.66
36900.00,20331.56,1271.30,15297.14
37000.00,20384.09,1271.30,15344.61
37100.00,20436.61,1271.30,15392.09
37200.00,20489.14,1271.30,15439.56
37300.00,20541.66,1271.30,15487.04
37400.00,20594.19,1271.30,15534.51
37500.00,20646.71,1271.30,15581.99
37600.00,20699.24,1271.30,15629.46
37700.00,20751.76,1271.30,15676.94
37800.00,20804.29,1271.30,15724.41
37900.00,20856.81,1271.30,15771.89
38000.00,20909.34,1271.30,15819.36
38100.00,20961.86,1271.30,15866.84
38200.00,21014.39,1271.30,15914.31
38300.00,21066.91,1271.30,15961.79
38400.00,21119.44,1271.30,16009.26
38500.00,21171.96,1271.30,16056.74
38600.00,21224.49,1271.30,16104.21
38700.00,21277.01,1271.30,16151.69
38800.00,21329.54,1271.30,16199.16
38900.00,21382.06,1271.30,16246.64
39000.00,21434.59,1271.30,16294.11
39100.00,21487.11,1271.30,16341.59
39200.00,21539.64,1271.30,16389.06
39300.00,21592.16,1271.30,16436.54
39400.00,21644.69,1271.30,16484.01
39500.00,21697.21,1271.30,16531.49
39600.00,21749.74,1271.30,16578.96
39700.00,21802.26,1271.30,16626.44
39800.00,21854.79,1271.30,16673.91
39900.00,21907.31,1271.30,16721.39
40000.00,21959.84,1271.30,16768.86
40100.00,22012.36,1271.30,16816.34
40200.00,22064.89,1271.30,16863.81
40300.00,22117.41,1271.30,16911.29
40400.00,22169.94,1271.30,16958.76
40500.00,22222.46,1271.30,17006.24
40600.00,22274.99,1271.30,17053.71
40700.00,22327.51,1271.30,17101.19
40800.00,22380.04,1271.30,17148.66
40900.00,22432.56,1271.30,17196.14
41000.00,22485.09,1271.30,17243.61
41100.00,22537.61,1271.30,17291.09
41200.00,22590.14,1271.30,17338.56
41300.00,22642.66,1271.30,17386.04
41400.00,22695.19,1271.30,17433.51
41500.00,22747.71,1271.30,17480.99
41600.00,22800.24,1271.30,17528.46
41700.00,22852.76,1271.30,17575.94
41800.00,22905.29,1271.30,17623.41
41900.00,22957.81,1271.30,17670.89
42000.00,23010.34,1271.30,17718.36
42100.00,23062.86,1271.30,17765.84
42200.00,23115.39,1271.30,17813.31
42300.00,23167.91,1271.30,17860.79
42400.00,23220.44,1271.30,17908.26
42500.00,23272.96,1271.30,17955.74
42600.00,23325.49,1271.30,18003.21
42700.00,23378.01,1271.30,18050.69
42800.00,23430.54,1271.30,18098.16
42900.00,23483.06,1271.30,18145.64
43000.00,23535.59,1271.30,18193.11
43100.00,23588.11,1271.30,18240.59
43200.00,23640.64,1271.30,18288.06
43300.00,23693.16,1271.30,18335.54
43400.00,23745.69,1271.30,18383.01
43500.00,23798.21,1271.30,18430.49
43600.00,23850.74,1271.30,18477.96
43700.00,23903.26,1271.30,18525.44
43800.00,23955.79,1271.30,18572.91
43900.00,24008.31,1271.30,18620.39
44000.00,24060.84,1271.30,18667.86
44100.00,24113.36,1271.30,18715.34
44200.00,24165.89,1271.30,18762.81
44300.00,24218.41,1271.30,18810.29
44400.00,24270.94,1271.30,18857.76
44500.00,24323.46,1271.30,18905.24
44600.00,24375.99,1271.30,18952.71
44700.00,24428.51,1271.30,19000.19
44800.00,24481.04,1271.30,19047.66
44900.00,24533.56,1271.30,19095.14
45000.00,24586.09,1271.30,19142.61
45100.00,24638.61,1271.30,19190.09
45200.00,24691.14,1271.30,19237.56
45300.00,24743.66,1271.30,19285.04
45400.00,24796.19,1271.30,19332.51
45500.00,24848.71,1271.30,19379.99
45600.00,24901.24,1271.30,19427.46
45700.00,24953.76,1271.30,19474.94
45800.00,25006.29,1271.30,19522.41
45900.00,25058.81,1271.30,19569.89
46000.00,25111.34,1271.30,19617.36
46100.00,25163.86,1271.30,19664.84
46200.00,25216.39,1271.30,19712.31
46300.00,25268.91,1271.30,19759.79
46400.00,25321.44,1271.30,19807.26
46500.00,25373.96,1271.30,19854.74
46600.00,25426.49,1271.30,19902.21
46700.00,25479.01,1271.30,19949.69
46800.00,25531.54,1271.30,19997.16
46900.00,25584.06,1271.30,20044.64
47000.00,25636.59,1271.30,20092.11
47100.00,25689.11,1271.30,20139.59
47200.00,25741.64,1271.30,20187.06
47300.00,25794.16,1271.30,20234.54
47400.00,25846.69,1271.30,20282.01
47500.00,25899.21,1271.30,20329.49
47600.00,25951.74,1271.30,20376.96
47700.00,26004.26,1271.30,20424.44
47800.00,26056.79,1271.30,20471.91
47900.00,26109.31,1271.30,20519.39
48000.00,26161.84,1271.30,20566.86
48100.00,26214.36,1271.30,20614.34
48200.00,26266.89,1271.30,20661.81
48300.00,26319.41,1271.30,20709.29
48400.00,26371.94,1271.30,20756.76
48500.00,26424.46,1271.30,20804.24
48600.00,26476.99,1271.30,20851.71
48700.00,26529.51,1271.30,20899.19
48800.00,26582.04,1271.30,20946.66
48900.00,26634.56,1271.30,20994.14
49000.00,26687.09,1271.30,21041.61
49100.00,26739.61,1271.30,21089.09
49200.00,26792.14,1271.30,21136.56
49300.00,26844.66,1271.30,21184.04
49400.00,26897.19,1271.30,21231.51
49500.00,26949.71,1271.30,21278.99
49600.00,27002.24,1271.30,21326.46
49700.00,27054.76,1271.30,21373.94
49800.00,27107.29,1271.30,21421.41
49900.00,27159.81,1271.30,21468.89
50000.00,27212.34,1271.30,21516.36
50100.00,27264.86,1271.30,21563.84
50200.00,27317.39,1271.30,21611.31
50300.00,27369.91,1271.30,21658.79
50400.00,27422.44,1271.30,21706.26
50500.00,27474.96,1271.30,21753.74
50600.00,27527.49,1271.30,21801.21
50700.00,27580.01,1271.30,21848.69
50800.00,27632.54,1271.30,21896.16
50900.00,27685.06,1271.30,21943.64
51000.00,27737.59,1271.30,21991.11
51100.00,27790.11,1271.30,22038.59
51200.00,27842.64,1271.30,22086.06
51300.00,27895.16,1271.30,22133.54
51400.00,27947.69,1271.30,22181.01
51500.00,28000.21,1271.30,22228.49
51600.00,28052.74,1271.30,22275.96
51700.00,28105.26,1271.30,22323.44
51800.00,28157.79,1271.30,22370.91
51900.00,28210.31,1271.30,22418.39
52000.00,28262.84,1271.30,22465.86
52100.00,28315.36,1271.30,22513.34
52200.00,28367.89,1271.30,22560.81
52300.00,28420.41,1271.30,22608.29
52400.00,28472.94,1271.30,22655.76
52500.00,28525.46,1271.30,22703.24
52600.00,28577.99,1271.30,22750.71
52700.00,28630.51,1271.30,22798.19
52800.00,28683.04,1271.30,22845.66
52900.00,28735.56,1271.30,22893.14
53000.00,28788.09,1271.30,22940.61
53100.00,28840.61,1271.30,22988.09
53200.00,28893.14,1271.30,23035.56
53300.00,28945.66,1271.30,23083.04
53400.00,28998.19,1271.30,23130.51
53500.00,29050.71,1271.30,23177.99
53600.00,29103.24,1271.30,23225.46
53700.00,29155.76,1271.30,23272.94
53800.00,29208.29,1271.30,23320.41
53900.00,29260.81,1271.30,23367.89
54000.00,29313.34,1271.30,23415.36
54100.00,29365.86,1271.30,23462.84
54200.00,29418.39,1271.30,23510.31
54300.00,29470.91,1271.30,23557.79
54400.00,29523.44,1271.30,23605.26
54500.00,29575.96,1271.30,23652.74
54600.00,29628.49,1271.30,23700.21
54700.00,29681.01,1271.30,23747.69
54800.00,29733.54,1271.30,23795.16
54900.00,29786.06,1271.30,23842.64
55000.00,29838.59,1271.30,23890.11
55100.00,29891.11,1271.30,23937.59
55200.00,29943.64,1271.30,23985.06
55300.00,29996.16,1271.30,24032.54
55400.00,30048.69,1271.30,24080.01
55500.00,30101.21,1271.30,24127.49
55600.00,30153.74,1271.30,24174.96
55700.00,30206.26,1271.30,24222.44
55800.00,30258.79,1271.30,24269.91
55900.00,30311.31,1271.30,24317.39
56000.00,30363.84,1271.30,24364.86
56100.00,30416.36,1271.30,24412.34
56200.00,30468.89,1271.30,24459.81
56300.00,30521.41,1271.30,24507.29
56400.00,30573.94,1271.30,24554.76
56500.00,30626.46,1271.30,24602.24
56600.00,30678.99,1271.30,24649.71
56700.00,30731.51,1271.30,24697.19
56800.00,30784.04,1271.30,24744.66
56900.00,30836.56,1271.30,24792.14
57000.00,30889.09,1271.30,24839.61
57100.00,30941.61,1271.30,24887.09
57200.00,30994.14,1271.30,24934.56
57300.00,31046.66,1271.30,24982.04
57400.00,31099.19,1271.30,25029.51
57500.00,31151.71,1271.30,25076.99
57600.00,31204.24,1271.30,25124.46
57700.00,31256.76,1271.30,25171.94
57800.00,31309.29,1271.30,25219.41
57900.00,31361.81,1271.30,25266.89
58000.00,31414.34,1271.30,25314.36
58100.00,31466.86,1271.30,25361.84
58200.00,31519.39,1271.30,25409.31
58300.00,31571.91,1271.30,25456.79
58400.00,31624.44,1271.30,25504.26
58500.00,31676.96,1271.30,25551.74
58600.00,31729.49,1271.30,25599.21
58700.00,31782.01,1271.30,25646.69
58800.00,31834.54,1271.30,25694.16
58900.00,31887.06,1271.30,25741.64
59000.00,31939.59,1271.30,25789.11
59100.00,31992.11,1271.30,25836.59
59200.00,32044.64,1271.30,25884.06
59300.00,32097.16,1271.30,25931.54
59400.00,32149.69,1271.30,25979.01
59500.00,32202.21,1271.30,26026.49
59600.00,32254.74,1271.30,26073.96
59700.00,32307.26,1271.30,26121.44
59800.00,32359.79,1271.30,26168.91
59900.00,32412.31,1271.30,26216.39
60000.00,32464.84,1271.30,26263.86
60100.00,32517.36,1271.30,26311.34
60200.00,32569.89,1271.30,26358.81
60300.00,32622.41,1271.30,26406.29
60400.00,32674.94,1271.30,26453.76
60500.00,32727.46,1271.30,26501.24
60600.00,32779.99,1271.30,26548.71
60700.00,32832.51,1271.30,26596.19
60800.00,32885.04,1271.30,26643.66
60900.00,32937.56,1271.30,26691.14
61000.00,32990.09,1271.30,26738.61
61100.00,33042.61,1271.30,26786.09
61200.00,33095.14,1271.30,26833.56
61300.00,33147.66,1271.30,26881.04
61400.00,33200.19,1271.30,26928.51
61500.00,33252.71,1271.30,26975.99
61600.00,33305.24,1271.30,27023.46
61700.00,33357.76,1271.30,27070.94
61800.00,33410.29,1271.30,27118.41
61900.00,33462.81,1271.30,27165.89
62000.00,33515.34,1271.30,27213.36
62100.00,33567.86,1271.30,27260.84
62200.00,33620.39,1271.30,27308.31
62300.00,33672.91,1271.30,27355.79
62400.00,33725.44,1271.30,27403.26
62500.00,33777.96,1271.30,27450.74
62600.00,33830.49,1271.30,27498.21
62700.00,33883.01,1271.30,27545.69
62800.00,33935.54,1271.30,27593.16
62900.00,33988.06,1271.30,27640.64
63000.00,34040.59,1271.30,27688.11
63100.00,34093.11,1271.30,27735.59
63200.00,34145.64,1271.30,27783.06
63300.00,34198.16,1271.30,27830.54
63400.00,34250.69,1271.30,27878.01
63500.00,34303.21,1271.30,27925.49
63600.00,34355.74,1271.30,27972.96
63700.00,34408.26,1271.30,28020.44
63800.00,34460.79,1271.30,28067.91
63900.00,34513.31,1271.30,28115.39
64000.00,34565.84,1271.30,28162.86
64100.00,34618.36,1271.30,28210.34
64200.00,34670.89,1271.30,28257.81
64300.00,34723.41,1271.30,28305.29
64400.00,34775.94,1271.30,28352.76
64500.00,34828.46,1271.30,28400.24
64600.00,34880.99,1271.30,28447.71
64700.00,34933.51,1271.30,28495.19
64800.00,34986.04,1271.30,28542.66
64900.00,35038.56,1271.30,28590.14
65000.00,35091.09,1271.30,28637.61
65100.00,35143.61,1271.30,28685.09
65200.00,35196.14,1271.30,28732.56
65300.00,35248.66,1271.30,28780.04
65400.00,35301.19,1271.30,28827.51
65500.00,35353.71,1271.30,28874.99
65600.00,35406.24,1271.30,28922.46
65700.00,35458.76,1271.30,28969.94
65800.00,35511.29,1271.30,29017.41
65900.00,35563.81,1271.30,29064.89
66000.00,35616.34,1271.30,29112.36
66100.00,35668.86,1271.30,29159.84
66200.00,35721.39,1271.30,29207.31
66300.00,35773.91,1271.30,29254.79
66400.00,35826.44,1271.30,29302.26
66500.00,35878.96,1271.30,29349.74
66600.00,35931.49,1271.30,29397.21
66700.00,35984.01,1271.30,29444.69
66800.00,36036.54,1271.30,29492.16
66900.00,36089.06,1271.30,29539.64
67000.00,36141.59,1271.30,29587.11
67100.00,36194.11,1271.30,29634.59
67200.00,36246.64,1271.30,29682.06
67300.00,36299.16,1271.30,29729.54
67400.00,36351.69,1271.30,29777.01
67500.00,36404.21,1271.30,29824.49
67600.00,36456.74,1271.30,29871.96
67700.00,36509.26,1271.30,29919.44
67800.00,36561.79,1271.30,29966.91
67900.00,36614.31,1271.30,30014.39
68000.00,36666.84,1271.30,30061.86
68100.00,36719.36,1271.30,30109.34
68200.00,36771.89,1271.30,30156.81
68300.00,36824.41,1271.30,30204.29
68400.00,36876.94,1271.30,30251.76
68500.00,36929.46,1271.30,30299.24
68600.00,36981.99,1271.30,30346.71
68700.00,37034.51,1271.30,30394.19
68800.00,37087.04,1271.30,30441.66
68900.00,37139.56,1271.30,30489.14
69000.00,37192.09,1271.30,30536.61
69100.00,37244.61,1271.30,30584.09
69200.00,37297.14,1271.30,30631.56
69300.00,37349.66,1271.30,30679.04
69400.00,37402.19,1271.30,30726.51
69500.00,37454.71,1271.30,30773.99
69600.00,37507.24,1271.30,30821.46
69700.00,37559.76,1271.30,30868.94
69800.00,37612.29,1271.30,30916.41
69900.00,37664.81,1271.30,30963.89
70000.00,37717.34,1271.30,31011.36
70100.00,37769.86,1271.30,31058.84
70200.00,37822.39,1271.30,31106.31
70300.00,37874.91,1271.30,31153.79
70400.00,37927.44,1271.30,31201.26
70500.00,37979.96,1271.30,31248.74
70600.00,38032.49,1271.30,31296.21
70700.00,38085.01,1271.30,31343.69
70800.00,38137.54,1271.30,31391.16
70900.00,38190.06,1271.30,31438.64
71000.00,38242.59,1271.30,31486.11
71100.00,38295.11,1271.30,31533.59
71200.00,38347.64,1271.30,31581.06
71300.00,38400.16,1271.30,31628.54
71400.00,38452.69,1271.30,31676.01
71500.00,38505.21,1271.30,31723.49
71600.00,38557.74,1271.30,31770.96
71700.00,38610.26,1271.30,31818.44
71800.00,38662.79,1271.30,31865.91
71900.00,38715.31,1271.30,31913.39
72000.00,38767.84,1271.30,31960.86
72100.00,38820.36,1271.30,32008.34
72200.00,38872.89,1271.30,32055.81
72300.00,38925.41,1271.30,32103.29
72400.00,38977.94,1271.30,32150.76
72500.00,39030.46,1271.30,32198.24
72600.00,39082.99,1271.30,32245.71
72700.00,39135.51,1271.30,32293.19
72800.00,39188.04,1271.30,32340.66
72900.00,39240.56,1271.30,32388.14
73000.00,39293.09,1271.30,32435.61
73100.00,39345.61,1271.30,32483.09
73200.00,39398.14,1271.30,32530.56
73300.00,39450.66,1271.30,32578.04
73400.00,39503.19,1271.30,32625.51
73500.00,39555.71,1271.30,32672.99
73600.00,39608.24,1271.30,32720.46
73700.00,39660.76,1271.30,32767.94
73800.00,39713.29,1271.30,32815.41
73900.00,39765.81,1271.30,32862.89
74000.00,39818.34,1271.30,32910.36
74100.00,39870.86,1271.30,32957.84
74200.00,39923.39,1271.30,33005.31
74300.00,39975.91,1271.30,33052.79
74400.00,40028.44,1271.30,33100.26
74500.00,40080.96,1271.30,33147.74
74600.00,40133.49,1271.30,33195.21
74700.00,40186.01,1271.30,33242.69
74800.00,40238.54,1271.30,33290.16
74900.00,40291.06,1271.30,33337.64
75000.00,40343.59,1271.30,33385.11
75100.00,40396.11,1271.30,33432.59
75200.00,40448.64,1271.30,33480.06
75300.00,40501.16,1271.30,33527.54
75400.00,40553.69,1271.30,33575.01
75500.00,40606.21,1271.30,33622.49
75600.00,40658.74,1271.30,33669.96
75700.00,40711.26,1271.30,33717.44
75800.00,40763.79,1271.30,33764.91
75900.00,40816.31,1271.30,33812.39
76000.00,40868.84,1271.30,33859.86
76100.00,40921.36,1271.30,33907.34
76200.00,40973.89,1271.30,33954.81
76300.00,41026.41,1271.30,34002.29
76400.00,41078.94,1271.30,34049.76
76500.00,41131.46,1271.30,34097.24
76600.00,41183.99,1271.30,34144.71
76700.00,41236.51,1271.30,34192.19
76800.00,41289.04,1271.30,34239.66
76900.00,41341.56,1271.30,34287.14
77000.00,41394.09,1271.30,34334.61
77100.00,41446.61,1271.30,34382.09
77200.00,41499.14,1271.30,34429.56
77300.00,41551.66,1271.30,34477.04
77400.00,41604.19,1271.30,34524.51
77500.00,41656.71,1271.30,34571.99
77600.00,41709.24,1271.30,34619.46
77700.00,41761.76,1271.30,34666.94
77800.00,41814.29,1271.30,34714.41
77900.00,41866.81,1271.30,34761.89
78000.00,41919.34,1271.30,34809.36
78100.00,41971.86,1271.30,34856.84
78200.00,42024.39,1271.30,34904.31
78300.00,42076.91,1271.30,34951.79
78400.00,42129.44,1271.30,34999.26
78500.00,42181.96,1271.30,35046.74
78600.00,42234.49,1271.30,35094.21
78700.00,42287.01,1271.30,35141.69
78800.00,42339.54,1271.30,35189.16
78900.00,42392.06,1271.30,35236.64
79000.00,42444.59,1271.30,35284.11
79100.00,42497.11,1271.30,35331.59
79200.00,42549.64,1271.30,35379.06
79300.00,42602.16,1271.30,35426.54
79400.00,42654.69,1271.30,35474.01
79500.00,42707.21,1271.30,35521.49
79600.00,42759.74,1271.30,35568.96
79700.00,42812.26,1271.30,35616.44
79800.00,42864.79,1271.30,35663.91
79900.00,42917.31,1271.30,35711.39
80000.00,42969.84,1271.30,35758.86
80100.00,43022.36,1271.30,35806.34
80200.00,43074.89,1271.30,35853.81
80300.00,43127.41,1271.30,35901.29
80400.00,43179.94,1271.30,35948.76
80500.00,43232.46,1271.30,35996.24
80600.00,43284.99,1271.30,36043.71
80700.00,43337.51,1271.30,36091.19
80800.00,43390.04,1271.30,36138.66
80900.00,43442.56,1271.30,36186.14
81000.00,43495.09,1271.30,36233.61
81100.00,43547.61,1271.30,36281.09
81200.00,43600.14,1271.30,36328.56
81300.00,43652.66,1271.30,36376.04
81400.00,43705.19,1271.30,36423.51
81500.00,43757.71,1271.30,36470.99
81600.00,43810.24,1271.30,36518.46
81700.00,43862.76,1271.30,36565.94
81800.00,43915.29,1271.30,36613.41
81900.00,43967.81,1271.30,36660.89
82000.00,44020.34,1271.30,36708.36
82100.00,44072.86,1271.30,36755.84
82200.00,44125.39,1271.30,36803.31
82300.00,44177.91,1271.30,36850.79
82400.00,44230.44,1271.30,36898.26
82500.00,44282.96,1271.30,36945.74
82600.00,44335.49,1271.30,36993.21
82700.00,44388.01,1271.30,37040.69
82800.00,44440.54,1271.30,37088.16
82900.00,44493.06,1271.30,37135.64
83000.00,44545.59,1271.30,37183.11
83100.00,44598.11,1271.30,37230.59
83200.00,44650.64,1271.30,37278.06
83300.00,44703.16,1271.30,37325.54
83400.00,44755.69,1271.30,37373.01
83500.00,44808.21,1271.30,37420.49
83600.00,44860.74,1271.30,37467.96
83700.00,44913.26,1271.30,37515.44
83800.00,44965.79,1271.30,37562.91
83900.00,45018.31,1271.30,37610.39
84000.00,45070.84,1271.30,37657.86
84100.00,45123.36,1271.30,37705.34
84200.00,45175.89,1271.30,37752.81
84300.00,45228.41,1271.30,37800.29
84400.00,45280.94,1271.30,37847.76
84500.00,45333.46,1271.30,37895.24
84600.00,45385.99,1271.30,37942.71
84700.00,45438.51,1271.30,37990.19
84800.00,45491.04,1271.30,38037.66
84900.00,45543.56,1271.30,38085.14
85000.00,45596.09,1271.30,38132.61
85100.00,45648.61,1271.30,38180.09
85200.00,45701.14,1271.30,38227.56
85300.00,45753.66,1271.30,38275.04
85400.00,45806.19,1271.30,38322.51
85500.00,45858.71,1271.30,38369.99
85600.00,45911.24,1271.30,38417.46
85700.00,45963.76,1271.30,38464.94
85800.00,46016.29,1271.30,38512.41
85900.00,46068.81,1271.30,38559.89
86000.00,46121.34,1271.30,38607.36
86100.00,46173.86,1271.30,38654.84
86200.00,46226.39,1271.30,38702.31
86300.00,46278.91,1271.30,38749.79
86400.00,46331.44,1271.30,38797.26
86500.00,46383.96,1271.30,38844.74
86600.00,46436.49,1271.30,38892.21
86700.00,46489.01,1271.30,38939.69
86800.00,46541.54,1271.30,38987.16
86900.00,46594.06,1271.30,39034.64
87000.00,46646.59,1271.30,39082.11
87100.00,46699.11,1271.30,39129.59
87200.00,46751.64,1271.30,39177.06
87300.00,46804.16,1271.30,39224.54
87400.00,46856.69,1271.30,39272.01
87500.00,46909.21,1271.30,39319.49
87600.00,46961.74,1271.30,39366.96
87700.00,47014.26,1271.30,39414.44
87800.00,47066.79,1271.30,39461.91
87900.00,47119.31,1271.30,39509.39
88000.00,47171.84,1271.30,39556.86
88100.00,47224.36,1271.30,39604.34
88200.00,47276.89,1271.30,39651.81
88300.00,47329.41,1271.30,39699.29
88400.00,47381.94,1271.30,39746.76
88500.00,47434.46,1271.30,39794.24
88600.00,47486.99,1271.30,39841.71
88700.00,47539.51,1271.30,39889.19
88800.00,47592.04,1271.30,39936.66
88900.00,47644.56,1271.30,39984.14
89000.00,47697.09,1271.30,40031.61
89100.00,47749.61,1271.30,40079.09
89200.00,47802.14,1271.30,40126.56
89300.00,47854.66,1271.30,40174.04
89400.00,47907.19,1271.30,40221.51
89500.00,47959.71,1271.30,40268.99
89600.00,48012.24,1271.30,40316.46
89700.00,48064.76,1271.30,40363.94
89800.00,48117.29,1271.30,40411.41
89900.00,48169.81,1271.30,40458.89
90000.00,48222.34,1271.30,40506.36
90100.00,48274.86,1271.30,40553.84
90200.00,48327.39,1271.30,40601.31
90300.00,48379.91,1271.30,40648.79
90400.00,48432.44,1271.30,40696.26
90500.00,48484.96,1271.30,40743.74
90600.00,48537.49,1271.30,40791.21
90700.00,48590.01,1271.30,40838.69
90800.00,48642.54,1271.30,40886.16
90900.00,48695.06,1271.30,40933.64
91000.00,48747.59,1271.30,40981.11
91100.00,48800.11,1271.30,41028.59
91200.00,48852.64,1271.30,41076.06
91300.00,48905.16,1271.30,41123.54
91400.00,48957.69,1271.30,41171.01
91500.00,49010.21,1271.30,41218.49
91600.00,49062.74,1271.30,41265.96
91700.00,49115.26,1271.30,41313.44
91800.00,49167.79,1271.30,41360.91
91900.00,49220.31,1271.30,41408.39
92000.00,49272.84,1271.30,41455.86
92100.00,49325.36,1271.30,41503.34
92200.00,49377.89,1271.30,41550.81
92300.00,49430.41,1271.30,41598.29
92400.00,49482.94,1271.30,41645.76
92500.00,49535.46,1271.30,41693.24
92600.00,49587.99,1271.30,41740.71
92700.00,49640.51,1271.30,41788.19
92800.00,49693.04,1271.30,41835.66
92900.00,49745.56,1271.30,41883.14
93000.00,49798.09,1271.30,41930.61
93100.00,49850.61,1271.30,41978.09
93200.00,49903.14,1271.30,42025.56
93300.00,49955.66,1271.30,42073.04
93400.00,50008.19,1271.30,42120.51
93500.00,50060.71,1271.30,42167.99
93600.00,50113.24,1271.30,42215.46
93700.00,50165.76,1271.30,42262.94
93800.00,50218.29,1271.30,42310.41
93900.00,50270.81,1271.30,42357.89
94000.00,50323.34,1271.30,42405.36
94100.00,50375.86,1271.30,42452.84
94200.00,50428.39,1271.30,42500.31
94300.00,50480.91,1271.30,42547.79
94400.00,50533.44,1271.30,42595.26
94500.00,50585.96,1271.30,42642.74
94600.00,50638.49,1271.30,42690.21
94700.00,50691.01,1271.30,42737.69
94800.00,50743.54,1271.30,42785.16
94900.00,50796.06,1271.30,42832.64
95000.00,50848.59,1271.30,42880.11
95100.00,50901.11,1271.30,42927.59
95200.00,50953.64,1271.30,42975.06
95300.00,51006.16,1271.30,43022.54
95400.00,51058.69,1271.30,43070.01
95500.00,51111.21,1271.30,43117.49
95600.00,51163.74,1271.30,43164.96
95700.00,51216.26,1271.30,43212.44
95800.00,51268.79,1271.30,43259.91
95900.00,51321.31,1271.30,43307.39
96000.00,51373.84,1271.30,43354.86
96100.00,51426.36,1271.30,43402.34
96200.00,51478.89,1271.30,43449.81
96300.00,51531.41,1271.30,43497.29
96400.00,51583.94,1271.30,43544.76
96500.00,51636.46,1271.30,43592.24
96600.00,51688.99,1271.30,43639.71
96700.00,51741.51,1271.30,43687.19
96800.00,51794.04,1271.30,43734.66
96900.00,51846.56,1271.30,43782.14
97000.00,51899.09,1271.30,43829.61
97100.00,51951.61,1271.30,43877.09
97200.00,52004.14,1271.30,43924.56
97300.00,52056.66,1271.30,43972.04
97400.00,52109.19,1271.30,44019.51
97500.00,52161.71,1271.30,44066.99
97600.00,52214.24,1271.30,44114.46
97700.00,52266.76,1271.30,44161.94
97800.00,52319.29,1271.30,44209.41
97900.00,52371.81,1271.30,44256.89
98000.00,52424.34,1271.30,44304.36
98100.00,52476.86,1271.30,44351.84
98200.00,52529.39,1271.30,44399.31
98300.00,52581.91,1271.30,44446.79
98400.00,52634.44,1271.30,44494.26
98500.00,52686.96,1271.30,44541.74
98600.00,52739.49,1271.30,44589.21
98700.00,52792.01,1271.30,44636.69
98800.00,52844.54,1271.30,44684.16
98900.00,52897.06,1271.30,44731.64
99000.00,52949.59,1271.30,44779.11
99100.00,53002.11,1271.30,44826.59
99200.00,53054.64,1271.30,44874.06
99300.00,53107.16,1271.30,44921.54
99400.00,53159.69,1271.30,44969.01
99500.00,53212.21,1271.30,45016.49
99600.00,53264.74,1271.30,45063.96
99700.00,53317.26,1271.30,45111.44
99800.00,53369.79,1271.30,45158.91
99900.00,53422.31,1271.30,45206.39
100000.00,53474.84,1271.30,45253.86